tipo de material,codigo,nombre,pkg
COMPONENTES,A0150-301B0,J5030BK181,1440
COMPONENTES,A1819-251B0,ET935 19X25,3750
COMPONENTES,A2019-301B0,ETN1000E 19X30(B),6000
COMPONENTES,BATTT-00044,CBR67-012,500
COMPONENTES,E32001G90B0,CDS12-00031,100
COMPONENTES,E32001G90B1,91981-1G900,400
COMPONENTES,G06-0531,JTPRE-GROMT,250
COMPONENTES,HAP02HVAA0OR,2103245-1,315
COMPONENTES,HAP02HVAD0OR,2103245-4,315
COMPONENTES,HAP02HVAE0OR,2103245-5,315
COMPONENTES,HHI101200100,707-173-501,200
COMPONENTES,HHR05GT8E2B0,GT8E-5S-HU,100
COMPONENTES,HJS08CPT02B0,08CPT-B-2A,300
COMPONENTES,HJS12CPT02B0,12CPT-B-2A,500
COMPONENTES,HKA03SB130BR,SB013-5,100
COMPONENTES,HKA03SB130GR,SB013-3,100
COMPONENTES,HKA03SB430B0,SB043-2,960
COMPONENTES,HKA03SB430DG,SB043-4,960
COMPONENTES,HKA03SB630DG,SB063-4,100
COMPONENTES,HKT02RCL2WBR,633404-7,100
COMPONENTES,HKT02RCLW5GR,633412-41,100
COMPONENTES,HKT03RCL0WBR,665065-7,250
COMPONENTES,HKT03RCL1WB0,632565-5,100
COMPONENTES,HKT03RCL1WBR,632565-7,200
COMPONENTES,HKT03RCL1WLG,632565-41,100
COMPONENTES,HKU02FL0A0B0,GL321-02020,100
COMPONENTES,HKU02RBLB0B0,GL436-02020,2000
COMPONENTES,HKU02RBLD0BR,GL456-02050,1000
COMPONENTES,HKU02RBLE0BR,GL466-02050,1000
COMPONENTES,HKU02RBLE0GR,GL466-02120,1000
COMPONENTES,HKU02RBLH0BR,GL631-02050,100
COMPONENTES,HKU03RBL02B0,GL611-03020,800
COMPONENTES,HMK0212006B0,34900-2120,750
COMPONENTES,HUJ02PCBS2W0,KH1600037-10,1
COMPONENTES,HUJ03PCBS2W0,KH1600038-10,1
COMPONENTES,HYR1006032B0,220336-BK,100
COMPONENTES,IA3TBY351775,35300157,400
COMPONENTES,IA3TLN452135,35402172,300
COMPONENTES,IA3TNG451650,35300141,400
COMPONENTES,IA3TNL452135,35300133,1
COMPONENTES,IA3TWA451650,35402168,400
COMPONENTES,IA3TWG452135,35300134,1
COMPONENTES,IA3TYO452135,35402173,300
COMPONENTES,IB3TGR451490,35402169,400
COMPONENTES,IB3TLN452155,35404409,300
COMPONENTES,IB3TLR452155,35300126,300
COMPONENTES,IB3TYB451490,35300142,400
COMPONENTES,IC3TAY451320,35300124,400
COMPONENTES,IC3TBY452165,35300132,300
COMPONENTES,IC3TBY454075,35300138,1
COMPONENTES,IC3TBY454565,35300139,200
COMPONENTES,IC3TGR451320,35404406,400
COMPONENTES,IC3TGW454200,35402174,200
COMPONENTES,IC3TLR452075,35300131,300
COMPONENTES,IC3TOG451510,35300140,400
COMPONENTES,IC3TOG454200,35300137,1
COMPONENTES,IC3TOL454075,35402175,200
COMPONENTES,IC3TOL454565,IC3TOL454565_PRET,200
COMPONENTES,IC3TWA451320,BDM PE,400
COMPONENTES,IC3TWA451510,IC3TWA451510_PRET,400
COMPONENTES,IC3TWA452165,35404414,300
COMPONENTES,IC3TYB451390,35300159,400
COMPONENTES,IC3TYN452075,35404413,300
COMPONENTES,ID3TAY451300,35300123,400
COMPONENTES,ID3TBR452045,35404412,300
COMPONENTES,ID3TBR452190,35402176,300
COMPONENTES,ID3TBY451320,35402171,400
COMPONENTES,ID3TBY454300,35300146,200
COMPONENTES,ID3TGA452135,35402177,300
COMPONENTES,ID3TGA452150,35300130,300
COMPONENTES,ID3TGA452605,35403875,300
COMPONENTES,ID3TGW454065,35403876,200
COMPONENTES,ID3TGW454135,35404410,200
COMPONENTES,ID3TGW454480,35404122,200
COMPONENTES,ID3TNG451285,35300158,200
COMPONENTES,ID3TNL451320,35300125,400
COMPONENTES,ID3TNL452135,35300136,1
COMPONENTES,ID3TNL452605,35300144,300
COMPONENTES,ID3TNL454135,35300127,200
COMPONENTES,ID3TOG454065,35300147,200
COMPONENTES,ID3TOG454480,35300145,200
COMPONENTES,ID3TOL454130,35404411,200
COMPONENTES,ID3TOL454300,35403877,200
COMPONENTES,ID3TRB452190,35300135,1
COMPONENTES,ID3TRB454130,35300128,200
COMPONENTES,ID3TWA451285,35404120,400
COMPONENTES,ID3TWN452045,35300129,300
COMPONENTES,IG3TBR452040,35402178,300
COMPONENTES,IG3TGA451900,35402179,400
COMPONENTES,IG3TNL451900,35384530,400
COMPONENTES,IG3TRB352040,IG3TRB352040(HC),300
COMPONENTES,IG3TRB452040,35381929,300
SELLO,JAP11MT201R0,964971-1,10000
SELLO,JAP1228001G0,281934-4,10000
SELLO,JAP12ABS21L0,963243-1,2500
SELLO,JAP12JPT01L0,828904-1,1000
SELLO,JAP12JPT1100,963294-1,1000
SELLO,JAP12MQS01G0,967067-1,20000
SELLO,JAP12MSWD0L0,1-368889-1,1000
SELLO,JAP12MSWD1R0,1-368280-1,2000
SELLO,JAP13ABS01GR,963530-1,20000
SELLO,JAP23MCPE1L0,368932-1,2000
SELLO,JAP24JPT11R0,963293-1,5000
SELLO,JAP25JPT01W0,828905-1,10000
SELLO,JAP35ABS21W0,963244-1,2500
SELLO,JAP45MCPE1W0,368933-1,2000
SELLO,JAP56JPT01GR,368299-1,2000
SELLO,JAP56SEAL1OR,1897826-1,2000
SELLO,JAP66JPT01G0,828985-1,5000
SELLO,JAP66WMCP1L0,1394512-1,10000
SELLO,JAP67ABS21Y0,963245-1,2500
SELLO,JAP77SPT01R0,968043-1,2500
SELLO,JAP78WMCP1G0,1719043-1,2000
SELLO,JDP11DC151GR,3331-8278,5000
SELLO,JDP12520W1L0,1532-7860,10000
SELLO,JDP12MP151L0,1532-4974,12000
SELLO,JDP23DC151LG,3331-8279,5000
SELLO,JDP34150W1G0,1536-6022,20000
SELLO,JDP45520W1R0,1532-7863,1000
SELLO,JDP45AE281LG,3521-5172,500
SELLO,JDP45DC151B0,3331-8275,5000
SELLO,JDP55MP151R0,1532-4973,12000
SELLO,JDP56520W1OR,1532-7859,10000
SELLO,JDP56G2801TA,1536-6067,10000
SELLO,JDP66850W1G0,1536-3605,2500
SELLO,JDP88800W1OR,3319-8330,2000
SELLO,JEP12E1641P0,97BG-10C930-SBA,25000
SELLO,JFC11DC151R0,F310400,5000
SELLO,JFC22INJ01GR,60993928,1000
SELLO,JFC23DC151GR,F410400,5000
SELLO,JFC23DCS21R0,60994023,10000
SELLO,JFC34INJ01Y0,60993934,25000
SELLO,JFC35DC281R0,F610400,5000
SELLO,JFC45DC151Y0,F599700,5000
SELLO,JJS12SAB01RB,A03WS-SAB-N,1000
SELLO,JJS22SQXF000,SQXF-02-1A,1
SELLO,JJS22SQZF000,SQZF-02-1A,1500
SELLO,JKT02BH002R0,683470,1000
SELLO,JKT1102501L0,685387,1000
SELLO,JKT1104WP1L0,682620,1000
SELLO,JKT11C0251G1,685516,1000
SELLO,JKT11SWP01G0,680448,1000
SELLO,JKT12050W1R0,680713,1000
SELLO,JKT12090W1R0,680952,1000
SELLO,JKT12092W1L0,681114,1000
SELLO,JKT12093W1L0,683894,1000
SELLO,JKT12187W1R0,SEAL 187(SS)(R) KET,200
SELLO,JKT1258W01G0,680522,1000
SELLO,JKT12N0601R0,685390,1000
SELLO,JKT13187W1GR,681370,1000
SELLO,JKT2202501R0,685388,1000
SELLO,JKT22C0251R0,685517,1000
SELLO,JKT22RH002BR,683292,1000
SELLO,JKT2304WP1R0,682621,1000
SELLO,JKT2328001R0,685247,1000
SELLO,JKT2358W01R0,MG680470,1000
SELLO,JKT23BULB1B0,682027,1000
SELLO,JKT23BULB1B1,682028,1000
SELLO,JKT23SWP01B0,680449,1000
SELLO,JKT2458X01B0,680524,1000
SELLO,JKT34090W1B0,680604,1000
SELLO,JKT34092W1R0,681115,1000
SELLO,JKT34092W1R1,681115N,1000
SELLO,JKT34093W1R0,683895,1000
SELLO,JKT34SWP01OR,680450,4000
SELLO,JKT45187W1R0,SEAL 187(1.25-2.0)(B)KET,200
SELLO,JKT4528001L0,685248,1000
SELLO,JKT4558X01L0,680728,1000
SELLO,JKT55092W1G0,681116,1000
SELLO,JKT5628001B0,685259-5,1000
SELLO,JKT5658X01R0,680601,1000
SELLO,JKT7831221B0,680954,1000
SELLO,JKT78375W1R0,MG683802-1,1000
SELLO,JKU11TWP01BR,EU020-01050,1000
SELLO,JKU12060W1R0,RS300-01000,1000
SELLO,JKU12AWP01BR,EB010-01050,1000
SELLO,JKU12MWP01LG,RS220-01100,1000
SELLO,JKU13NWP01OR,EM010-00100,500
SELLO,JKU13RBL01B0,BL070-00020,1000
SELLO,JKU13WMC01G0,ES010-00030,1000
SELLO,JKU22TWP01G0,EU020-00030,1000
SELLO,JKU22TWP01L0,EU020-03040,10000
SELLO,JKU23RBL01B0,BL101-00020,500
SELLO,JKU34AWP01G0,EB010-01030,1000
SELLO,JKU34MWP01BR,RS220-04100,1000
SELLO,JKU44VWP01PU,EG020-00090,1000
SELLO,JKU45MWP01B0,RS220-03100,10000
SELLO,JKU45WMC01Y0,ES010-00070,1000
SELLO,JKUMMTWP01ML,EU020-01140,1000
SELLO,JMK2300222B0,35903-0022,1000
SELLO,JMK2300222R0,35903-0023,1000
SELLO,JMK23SCK01BR,35903-0096,1000
SELLO,JMK23SCK11L0,35903-0106,1000
SELLO,JMK33092W2B0,49093-0002,2000
SELLO,JMK34092W2GY,49093-0003,2000
SELLO,JSM11064W1DY,7165-1198,1000
SELLO,JSM1212001B0,7165-1666,1000
SELLO,JSM1215WP1DG,7165-1408,1000
SELLO,JSM12HY151BR,7165-1518,1000
SELLO,JSM13090W6GR,7165-0385,2000
SELLO,JSM13TSWP1DB,7165-0349,2000
SELLO,JSM22064W1RV,7165-1199,5000
SELLO,JSM3312001L0,7165-1685,1000
SELLO,JSM4412001RB,7165-1684,1000
SELLO,JSM44HY151G0,7165-1519,1000
SELLO,JTY1209001L0,7165-0118,2000
SELLO,JTY1209021B0,7165-0076,1000
SELLO,JTY12SSC01BR,7158-3030-50,5000
SELLO,JTY1471651BR,7165-0119,2000
COMPONENTES,JWS00EFFL100,A50-06-370,500
SELLO,JYJ127C831BR,7158-3070-80,1000
SELLO,JYR1206001L0,410121,5000
SELLO,JYR12060W1L0,410001,1000
COMPONENTES,PRET-JT00M,PRET-JT00M(JT),200
COMPONENTES,PRET-JT00N,PRET-JT00N (JT),200
COMPONENTES,PRET-JT10P,PRET-JT10P(JT),200
COMPONENTES,PRET-JT11N,PRET-JT11N(JT),300
COMPONENTES,PRET-LGCGM1,,2
COMPONENTES,PRET-LGCGM2,,3
COMPONENTES,PRET-LGCGM3,,4
COMPONENTES,PRET-LGCGM4,,5
TERMINAL,TAP1102522SN,1717148-1,9000
TERMINAL,TAP1106001SN,2109005-1,7000
TERMINAL,TAP1106002SN,2109006-1,7000
TERMINAL,TAP11064G1SN,1438299-2,11000
TERMINAL,TAP1106422SN,2035170-4,10000
TERMINAL,TAP1107002SN,173630-1,4000
TERMINAL,TAP1112001SN,1418758-1,9000
TERMINAL,TAP1112101SN,5-1418758-1,9000
TERMINAL,TAP1125006SN,917684-1,8000
TERMINAL,TAP1125012AU,1326028-4,7000
TERMINAL,TAP11ABG12SN,928999-1,13000
TERMINAL,TAP11ABS22AU,962875-5,4000
TERMINAL,TAP11ABS22SN,962875-2,4000
TERMINAL,TAP11GET02AU,1393364-2,10000
TERMINAL,TAP11JPT08SN,927772-3,3500
TERMINAL,TAP11JPT18AU,1-927772-1,3500
TERMINAL,TAP11LAMD8SN,1241378-1,4500
TERMINAL,TAP11M1206SN,2005544-1,8000
TERMINAL,TAP11M28K6AU,1564984-2,3500
TERMINAL,TAP11MC126AG,1452665-3,1
TERMINAL,TAP11MC156SN,1564324-1,4500
TERMINAL,TAP11MC282SN,1-968880-1,4500
TERMINAL,TAP11MQS18SN,2005119-1,7200
TERMINAL,TAP11REM02SN,2390121-1,12000
TERMINAL,TAP11SPT22SN,927839-2,2200
TERMINAL,TAP11WMQS6AU,5-962885-5,9000
TERMINAL,TAP1202502AU,1123343-2,10000
TERMINAL,TAP1202502SN,1123343-1,10000
TERMINAL,TAP1202522BR,1318329-1,10000
TERMINAL,TAP1202541AU,2005154-2,10000
TERMINAL,TAP1202541SN,2005154-1,10000
TERMINAL,TAP1202542SN,2005427-1,10000
TERMINAL,TAP1202552SN,2188446-2,10000
TERMINAL,TAP12025S1SN,1674742-1,10000
TERMINAL,TAP12040C2SN,175180-1,5000
TERMINAL,TAP1204M22SN,173681-1,5000
TERMINAL,TAP1206422SN,2035170-1,1
TERMINAL,TAP1206432AU,1674311-2,10000
TERMINAL,TAP12064B2SN,2098762-1,7500
TERMINAL,TAP1209021SN,368088-1,5000
TERMINAL,TAP1209022SN,368085-1,5000
TERMINAL,TAP1209032SN,1743654-1,5000
TERMINAL,TAP12187F2SN,1897537-1,4000
TERMINAL,TAP1225002BR,170384-1,6456
TERMINAL,TAP1225002SN,170384-2,7000
TERMINAL,TAP1225012AU,1326028-3,7000
TERMINAL,TAP12250F2SN,1897659-1,3000
TERMINAL,TAP1225D02SN,917683-1,8000
TERMINAL,TAP1228002SN,282403-1,4000
TERMINAL,TAP1264Y01SN,1924968-3,7500
TERMINAL,TAP1264Y02SN,2035334-3,7500
TERMINAL,TAP12ABG22SN,144969-1,11000
TERMINAL,TAP12EC158SN,1452158-1,12000
TERMINAL,TAP12JPT06AU,2-964282-1,3500
TERMINAL,TAP12JPT14SN,927778-1,4000
TERMINAL,TAP12LAMD8AU,1241380-2,4500
TERMINAL,TAP12LAMD8SN,1241380-1,4500
TERMINAL,TAP12MC282SN,1-2141857-1,4500
TERMINAL,TAP12MCP01SN,2-964292-1,4000
TERMINAL,TAP12MCPE1SN,1743423-1,3000
TERMINAL,TAP12MQS02AU,962885-5,9000
TERMINAL,TAP12MQS02SN,962885-1,9000
TERMINAL,TAP12MSWD5SN,171631-1,6000
TERMINAL,TAP12MSWD6SN,171630-1,6000
TERMINAL,TAP12MT204SN,964261-2,7000
TERMINAL,TAP12PLM22BR,170452-1,5000
TERMINAL,TAP12PLM22SN,170452-2,5000
TERMINAL,TAP12VGT06SN,1534594-1,10000
TERMINAL,TAP1302506AU,967542-2,4000
TERMINAL,TAP1302506SN,967542-1,4000
TERMINAL,TAP1304012SN,175265-1,5000
TERMINAL,TAP13187R2SN,2-520274-2,2000
TERMINAL,TAP13187U2SN,2-520275-2,1000
TERMINAL,TAP13250U2SN,9-520183-2,2200
TERMINAL,TAP1325RU2SN,2-520183-2,1795
TERMINAL,TAP13JPT04SN,927771-3,4000
TERMINAL,TAP13JPT08AU,2-927770-1,3750
TERMINAL,TAP13JPT08SN,927770-3,3750
TERMINAL,TAP13MCPE2SN,1743162-1,3500
TERMINAL,TAP14PLM12BR,170233-1,4000
TERMINAL,TAP14RT020SN,130017,1000
TERMINAL,TAP14RTR00SN,2-34113-2,5000
TERMINAL,TAP2306001SN,2109005-2,6000
TERMINAL,TAP2306002SN,2109006-2,6000
TERMINAL,TAP23110W6SN,1241868-1,3500
TERMINAL,TAP23ABS24AU,962876-5,4000
TERMINAL,TAP23ABS24SN,962876-2,4000
TERMINAL,TAP23ABS28SN,962876-1,4000
TERMINAL,TAP23EC288SN,1241394-1,2370
TERMINAL,TAP23ECS06AU,965906-5,9000
TERMINAL,TAP23ECS06SN,965906-1,9000
TERMINAL,TAP23ECS16AU,,9000
TERMINAL,TAP23GET02AU,1393365-2,10000
TERMINAL,TAP23JPT06AU,R-JPT(0.5-0.85)AU AMP-D,306
TERMINAL,TAP23JPT06SN,964286-2,3500
TERMINAL,TAP23MC126AG,1452668-3,6000
TERMINAL,TAP23MC126AU,1452668-2,6000
TERMINAL,TAP23MC126SN,7-1452668-1,6000
TERMINAL,TAP23MC282SN,1-968849-1,4500
TERMINAL,TAP23MC632SN,1241402-1,1800
TERMINAL,TAP23MCP01SN,2-964294-1,12000
TERMINAL,TAP23MCP02SN,1241388-1,3500
TERMINAL,TAP23MCPE6SN,936607-1,3000
TERMINAL,TAP23MQS12SN,5-963715-1,10000
TERMINAL,TAP23MQS18SN,2005120-1,10000
TERMINAL,TAP23MT204SN,964263-2,6000
TERMINAL,TAP23REM02SN,2390130-1,10000
TERMINAL,TAP2407002SN,173631-1,4000
TERMINAL,TAP2407102SN,175221-1,2000
TERMINAL,TAP2418732SN,62137-2,1
TERMINAL,TAP2525001SN,170340-3,4000
TERMINAL,TAP25PLM12BR,170032-2,6000
TERMINAL,TAP25PLM12SN,170032-5,6000
TERMINAL,TAP25PLM22BR,170454-1,3000
TERMINAL,TAP25PLM22SN,170454-2,3000
TERMINAL,TAP33ABS26SN,927836-2,1500
TERMINAL,TAP33VGT16SN,1670144-1,9000
TERMINAL,TAP3406001SN,2109005-3,5000
TERMINAL,TAP3406002SN,2109006-3,5000
TERMINAL,TAP3409021SN,368087-1,9000
TERMINAL,TAP3409022SN,368084-1,4500
TERMINAL,TAP3409032SN,1743655-1,4500
TERMINAL,TAP34187F2SN,1897538-1,4000
TERMINAL,TAP34250F2SN,1897660-1,3000
TERMINAL,TAP3437152SN,963715-1,10000
TERMINAL,TAP34EC158SN,1241608-1,8500
TERMINAL,TAP34MC126AG,1452671-3,6500
TERMINAL,TAP34MCPE1SN,1743424-1,3000
TERMINAL,TAP34MSWD6SN,171662-1,6000
TERMINAL,TAP35251F2SN,61375-1,12000
TERMINAL,TAP44MC122AU,1452659-2,8000
TERMINAL,TAP44VGT06SN,1452503-1,8000
TERMINAL,TAP4502506AG,967543-3,4000
TERMINAL,TAP4502506SN,967543-1,4000
TERMINAL,TAP45187F2SN,3-520412-2,2000
TERMINAL,TAP45187T2SN,3-520410-2,1000
TERMINAL,TAP45250U2SN,3-350820-2,1000
TERMINAL,TAP45251U2SN,3-520140-2,1300
TERMINAL,TAP4525RU2SN,3-350819-2,2200
TERMINAL,TAP4528801AG,2-2141598-2,2700
TERMINAL,TAP45ABS26SN,927835-2,1500
TERMINAL,TAP45EC288SN,1241396-1,3500
TERMINAL,TAP45JPT04SN,927768-3,3300
TERMINAL,TAP45JPT08AG,929937-6,3700
TERMINAL,TAP45MC282SN,1-968851-1,3500
TERMINAL,TAP45MC632SN,1241404-1,2000
TERMINAL,TAP45MCP01SN,2-964296-1,3300
TERMINAL,TAP45MCP02SN,1241390-1,3500
TERMINAL,TAP45MCPE2SN,1743163-1,2500
TERMINAL,TAP45MCPE6SN,936606-1,3000
TERMINAL,TAP45RT010SN,130106,1000
TERMINAL,TAP45RTR10SN,2-130106-1,5000
TERMINAL,TAP45SPT21SN,964306-1,1700
TERMINAL,TAP45SPT22SN,927833-2,2000
TERMINAL,TAP5509022SN,368083-1,4000
TERMINAL,TAP5509032SN,1743656-1,4000
TERMINAL,TAP55250F2SN,2300892-1,3000
TERMINAL,TAP55MCP06SN,1-968857-1,4000
TERMINAL,TAP55MCPE1SN,1743425-1,2500
TERMINAL,TAP5609032SN,1897598-1,4000
TERMINAL,TAP56187F2SN,1897539-1,4000
TERMINAL,TAP5625001SN,170341-3,4000
TERMINAL,TAP56250F2SN,1897661-1,3000
TERMINAL,TAP56PLM12BR,170258-1,3726
TERMINAL,TAP5728001AG,2-2141600-2,2700
TERMINAL,TAP6625002SN,927829-2,2200
TERMINAL,TAP66ABS22SN,928966-2,1500
TERMINAL,TAP66MC632SN,1241406-1,2000
TERMINAL,TAP66MC636SN,1241416-1,1500
TERMINAL,TAP66MCPE2SN,1743465-1,2500
TERMINAL,TAP66SPT21SN,964308-1,1700
TERMINAL,TAP66SPT22SN,927824-2,2000
TERMINAL,TAP67PLM12SN,170234-2,6000
TERMINAL,TAP67PLM22BR,170456-1,3000
TERMINAL,TAP67PLM22SN,170456-2,3000
TERMINAL,TAP67RNG30SN,130191,1000
TERMINAL,TAP67RT300SN,2-35772-1,2500
TERMINAL,TAP77ABS22SN,1241962-1,1500
TERMINAL,TAP77MC632SN,1241408-1,1700
TERMINAL,TAP78MC636SN,1241418-4,1500
TERMINAL,TAPMM020K2SN,2219299-1,17000
TERMINAL,TAPMM02532SN,2005097-1,10000
TERMINAL,TAPMM02541SN,2005098-1,10000
TERMINAL,TAPMM02552SN,2188446-1,10000
TERMINAL,TAPMM04032SN,1717172-1,6000
TERMINAL,TAPMM09021SN,1897752-1,6000
TERMINAL,TAPMM09032SN,1897753-1,5000
TERMINAL,TAPMM64Y01SN,1924968-7,10000
TERMINAL,TAPMMABG12SN,1355717-1,13000
TERMINAL,TBS12BCB08SN,1 928 492 555,11000
TERMINAL,TBS33BCB08SN,1 928 492 556,11000
COMPONENTES,TCHAA59300SN,CBR619-012,1500
COMPONENTES,TCHAB2T020SN,CBR654-012,1200
COMPONENTES,TCHAB50800SN,CBR508-012,2000
COMPONENTES,TCHBC1Y000SN,CBK074-012,700
COMPONENTES,TCHBC1Y010SN,CBR693-022,1200
COMPONENTES,TCHBC1Y020SN,CBR694-022,1200
COMPONENTES,TCHBC1Y050SN,CBR697-012,1200
COMPONENTES,TCHBC3W000SN,CBR692-012,1000
COMPONENTES,TCHBC3Z050SN,CBR725-012,800
COMPONENTES,TCHBC46500SN,CBR465-012,1500
COMPONENTES,TCHBC68800SN,CBR688-022,1000
COMPONENTES,TCHCC070A0SN,KCRT1389-0702AA,500
COMPONENTES,TCHCC15212SN,CBS15-2-012,1500
COMPONENTES,TCHCC31400SN,CBR314-012,200
COMPONENTES,TCHCC42700SN,CBR427-012,1000
COMPONENTES,TCHCC52100SN,CBR521-022,400
COMPONENTES,TCHCC52400SN,CBR524-012,200
COMPONENTES,TCHCC53700SN,CBR537-012,300
COMPONENTES,TCHCC54300SN,CBR543-012,1000
COMPONENTES,TCHEE52300SN,CBR523-012,154
COMPONENTES,TCWBBJ7100SN,91988-J7100,100
COMPONENTES,TCWBC1R710SN,91961-1R710,100
COMPONENTES,TCWBC1W010SN,91985-1W010,500
COMPONENTES,TCWCCG3010SN,91985-G3010,100
COMPONENTES,TCWCCG3020SN,91985-G3020,100
COMPONENTES,TCWEEC1030SN,91985-C1030,100
TERMINAL,TDP1206432SN,3508-8746,1
TERMINAL,TDP1212005AU,3321-9170,5000
TERMINAL,TDP1212006AG,F931400,4500
TERMINAL,TDP12150W6SN,1208-4200,3000
TERMINAL,TDP1215W06SN,1532-6266,4500
TERMINAL,TDP12GT006AU,1532-6426,4000
TERMINAL,TDP12GT151SN,1530-4701,1
TERMINAL,TDP22AT286SN,1534-4659,5000
TERMINAL,TDP24280W6SN,1216-0376,4500
TERMINAL,TDP33AT286SN,1534-4661,5000
TERMINAL,TDP3412005SN,3321-9167,5000
TERMINAL,TDP3412006AG,F731400,4000
TERMINAL,TDP3415002SN,1532-6267,4000
TERMINAL,TDP45AP286SN,1362-7267,6000
TERMINAL,TDP45AT288AG,1367-9981,5000
TERMINAL,TDP45AT288SN,R-ATS 280 1.6~2.5 WP SN,5000
TERMINAL,TDP6763002SN,33400492,1000
TERMINAL,TDP77P2801AG,13790534,1
TERMINAL,TDP88800W6AG,1212-9414,1000
TERMINAL,TFC1201502SN,5400-2000,5000
TERMINAL,TFC12064W6SN,PPI0001023,12000
TERMINAL,TFC1212006AG,5400-2007,550
TERMINAL,TFC1212006SN,54002006,4500
TERMINAL,TFC12S3288SN,211CC3S1190,3200
TERMINAL,TFC13SNSR2SN,211CC2S1190P,4300
TERMINAL,TFC23DCKW6AU,60002034,6000
TERMINAL,TFC23DCKW6SN,60002031,6000
TERMINAL,TFC33064W6SN,PPI0001024,10000
TERMINAL,TFC3401502SN,5400-1625,5000
TERMINAL,TFC3412006SN,54001864,4000
TERMINAL,TFC34SNSR2SN,211CC2S4190P,3500
TERMINAL,TFC44DCKW6SN,60002041,6000
TERMINAL,TFC45FC2S2SN,60013741,4000
TERMINAL,TFC45SNSR2SN,211CC3S2120,2000
TERMINAL,THR00GT8E2AU,GT8E-2022SCF,10000
TERMINAL,THR11GT252SN,GT25H-2024SCF,10000
TERMINAL,THR11KM322SN,6432-0022-0-001,7000
TERMINAL,THR1202512SN,CL6431-0011-8,7000
TERMINAL,THR12025J2SN,6405-0037-5-000,7000
TERMINAL,THRMM02512SN,CL6431-0012-0,7000
COMPONENTES,TIPAAF9100SN,91985-F9100,1000
TERMINAL,TJA11MX342SN,M34S75C4F1,7500
TERMINAL,TJA22MX342SN,M34S75C4F2,7500
TERMINAL,TJS11CPT02AU,SCPT-A021GF-0.5,15000
TERMINAL,TJS12AIT02SN,SAIT-A03T-M064,6500
TERMINAL,TJS12AIT05AU,SAITWS-A03GF-064,3500
TERMINAL,TJS12AIT06AU,SAITS-A03GF-M064,3500
TERMINAL,TJS22HIC02AU,SNAC3-A021GF-M0.64-1,5000
TERMINAL,TJS22SQKL2AU,SSQSK-A03GJ-P-L,5000
TERMINAL,TJS22SQKR2AU,SSQSK-A03GJ-P-R,5000
TERMINAL,TKS11ML131AU,321 25 65176 3,12000
TERMINAL,TKS11ML131SN,321 40 65176 3,12000
TERMINAL,TKS34ML122AU,321 25 73403 0,9650
TERMINAL,TKS34ML131SN,321 40 65177 3,10000
TERMINAL,TKT1102002SN,731403-3,10000
TERMINAL,TKT11020L2SN,731462-3,10000
TERMINAL,TKT1104002SN,731414-3,6000
TERMINAL,TKT1106002SN,730703-3,6000
TERMINAL,TKT1107002SN,731417-3,4000
TERMINAL,TKT11092W6AU,731419-G,3000
TERMINAL,TKT11092W6SN,731419-3,3000
TERMINAL,TKT1112002SN,731314-3,6000
TERMINAL,TKT1120B02SN,K200294-20,10000
TERMINAL,TKT1120B12AU,741356-G,10000
TERMINAL,TKT1125002SN,731420-3,5000
TERMINAL,TKT11SWP05SN,741366-3,4000
TERMINAL,TKT11SWP06SN,731418-3,3500
TERMINAL,TKT1202501AU,741055-G,18000
TERMINAL,TKT1202501SN,741055-3,9681
TERMINAL,TKT1202502AU,731053-GN,7000
TERMINAL,TKT1202502SN,731053-3N,7000
TERMINAL,TKT1202506SN,731364-3,5000
TERMINAL,TKT1202521AU,741346-G,7000
TERMINAL,TKT1202521SN,741346-3,7000
TERMINAL,TKT1202522AU,731375-G,6000
TERMINAL,TKT1202522SN,731375-3,6000
TERMINAL,TKT12025C6SN,731443-3,7000
TERMINAL,TKT12025E6SN,731524-3,7000
TERMINAL,TKT1204002SN,730517-3,6000
TERMINAL,TKT1204022SN,731078-3,4000
TERMINAL,TKT1204032SN,730770-3,5000
TERMINAL,TKT1204WP5SN,740926-3,5000
TERMINAL,TKT1204WP6SN,730924-3,5000
TERMINAL,TKT1205002SN,730751-3,5000
TERMINAL,TKT1206012SN,731335-3,5000
TERMINAL,TKT1206022SN,730796-3,4000
TERMINAL,TKT12060F2SN,731268-3,4500
TERMINAL,TKT12060M1SN,741271-3,5000
TERMINAL,TKT12060W6SN,731274-3,3000
TERMINAL,TKT1206402SN,731068-3,7000
TERMINAL,TKT1206410SN,710848-3,2000
TERMINAL,TKT1206420SN,710808-3,2000
TERMINAL,TKT12064T0SN,710859-3,2000
TERMINAL,TKT1209002SN,730365-3,6000
TERMINAL,TKT1209021SN,740672-3,6000
TERMINAL,TKT1209022SN,730675-3,4000
TERMINAL,TKT1209032SN,730775-3,4000
TERMINAL,TKT12090D2SN,731046-3,4000
TERMINAL,TKT12092W5SN,740686-3,3000
TERMINAL,TKT12092W6AU,730623-G,3000
TERMINAL,TKT12092W6SN,730623-3,3000
TERMINAL,TKT1209W66AG,730689-S,3500
TERMINAL,TKT1209W66SN,730689-3,3500
TERMINAL,TKT1211012SN,731279-3,3000
TERMINAL,TKT1218702BR,730602-1,4000
TERMINAL,TKT1218702SN,730602-3,4000
TERMINAL,TKT1218732SN,730567-3,6000
TERMINAL,TKT1225002SN,730267-3,5000
TERMINAL,TKT12250D2BR,730467-1,3500
TERMINAL,TKT12250D2SN,730467-3,3500
TERMINAL,TKT1264B00SN,711360-3,2000
TERMINAL,TKT1291A01SN,740928-3,6000
TERMINAL,TKT1291AA2SN,730913-3,6000
TERMINAL,TKT12BH000SN,760877-3,1500
TERMINAL,TKT12C0255SN,741378-3,5500
TERMINAL,TKT12C0256SN,731441-3,5500
TERMINAL,TKT12C0601SN,741363-3,5000
TERMINAL,TKT12C0602SN,731412-3,5000
TERMINAL,TKT12C2501AU,741360-G,7000
TERMINAL,TKT12C2501SN,741360-3,7000
TERMINAL,TKT12C2502SN,731165-3,1000
TERMINAL,TKT12C2512AU,731409-G,7000
TERMINAL,TKT12C2512SN,731409-3,7000
TERMINAL,TKT12C25N1SN,741360-3N,7000
TERMINAL,TKT12LAP03BR,780759-1,3500
TERMINAL,TKT12LHMF2SN,781033-3,2000
TERMINAL,TKT12MFS22SN,780801-3,1
TERMINAL,TKT12N0601SN,741332-3,5500
TERMINAL,TKT12N0606AG,731368-S,3000
TERMINAL,TKT12N0921SN,741155-3,6000
TERMINAL,TKT12N0922SN,731149-3,4000
TERMINAL,TKT13050W6AG,730622-S,3500
TERMINAL,TKT13050W6SN,730622-3,3500
TERMINAL,TKT1307002SN,730497-3,4000
TERMINAL,TKT1309WP6SN,730502-3,4000
TERMINAL,TKT1318725SN,740734-3,1500
TERMINAL,TKT1318726SN,730715-3,1500
TERMINAL,TKT1358W02SN,730524-3,2500
TERMINAL,TKT13SWP05AU,740482-G,4000
TERMINAL,TKT13SWP05SN,740482-3,4000
TERMINAL,TKT13SWP06SN,730495-3,3500
TERMINAL,TKT22N64S0SN,711343-3,1000
TERMINAL,TKT22PLMT2SN,730573-3,1500
TERMINAL,TKT22RH006SN,730962-3,7000
TERMINAL,TKT2306001SN,740720-3,1200
TERMINAL,TKT2306002SN,730704-3,4000
TERMINAL,TKT23064S0SN,711059-3,1000
TERMINAL,TKT2312002SN,731163-3,5000
TERMINAL,TKT23BUL12BR,760794-1,1000
TERMINAL,TKT23BUL22BR,760795-1,2000
TERMINAL,TKT23LAP08BR,780915-1,2000
TERMINAL,TKT23LAPN8BR,780915-1N,2000
TERMINAL,TKT23N1101SN,741368-3,3000
TERMINAL,TKT23N1102SN,731425-3,3000
TERMINAL,TKT23N2502SN,ST731211-3,1500
TERMINAL,TKT23RCL00BR,760520-1,5000
TERMINAL,TKT23RCL10BR,760521-1,1500
TERMINAL,TKT2406400SN,710853-2,1800
TERMINAL,TKT24064L0SN,710504-3,1500
TERMINAL,TKT24064LSSN,711308-3,1500
TERMINAL,TKT24064LTSN,710783-3,6000
TERMINAL,TKT24064R0SN,710506-3,1500
TERMINAL,TKT2458X06SN,730411-3,3500
TERMINAL,TKT2458X16SN,730659-3,3000
TERMINAL,TKT24RHTB0SN,710965-3,1000
TERMINAL,TKT25312L2SN,730026-3,1800
TERMINAL,TKT33025E6SN,731525-3,6000
TERMINAL,TKT3405096AG,730732-S,3500
TERMINAL,TKT3406012SN,731336-3,4000
TERMINAL,TKT3406022SN,730797-3,3500
TERMINAL,TKT34060C6SN,731444-3,4000
TERMINAL,TKT34060E6SN,731527-3,4000
TERMINAL,TKT34060F2SN,731269-3,4000
TERMINAL,TKT34060M1SN,741272-3,9456
TERMINAL,TKT34060W6SN,731275-3,3000
TERMINAL,TKT3406400SN,710849-3,1500
TERMINAL,TKT3406420SN,710809-3,1500
TERMINAL,TKT34064N0SN,711324-3,1000
TERMINAL,TKT34064T0SN,710847-3,1500
TERMINAL,TKT3409021SN,740673-3,4500
TERMINAL,TKT3409022SN,730676-3,3500
TERMINAL,TKT3409032SN,730776-3,3500
TERMINAL,TKT34090D2SN,731047-3,3500
TERMINAL,TKT34092W6AU,730624-G,3000
TERMINAL,TKT34092W6SN,730624-3,3000
TERMINAL,TKT3411012SN,731280-3,2500
TERMINAL,TKT34164N0SN,711320-3,1000
TERMINAL,TKT34250D2BR,730468-1,3500
TERMINAL,TKT34250D2SN,730468-3,3500
TERMINAL,TKT3428111SN,741286-3,2500
TERMINAL,TKT34312P2SN,731437-3,1500
TERMINAL,TKT3464A00SN,711354-3,1500
TERMINAL,TKT3464B00SN,711361-3,1500
TERMINAL,TKT3464TA0SN,711356-3,1000
TERMINAL,TKT3464TC0SN,711363-3,1200
TERMINAL,TKT34C0601SN,741362-3,4500
TERMINAL,TKT34C0602SN,731411-3,4500
TERMINAL,TKT34C2502SN,731166-3,1000
TERMINAL,TKT34HR6N0SN,710984-3,1000
TERMINAL,TKT34HR6P0SN,710987-3,1000
TERMINAL,TKT34HTR60SN,710990-3,1200
TERMINAL,TKT34LHMF2SN,781034-3,2000
TERMINAL,TKT34LHMM2SN,781097-3,2429
TERMINAL,TKT34LHTB0SN,710966-3,1000
TERMINAL,TKT34N0601SN,741333-3,4500
TERMINAL,TKT34N0921SN,741156-3,4500
TERMINAL,TKT34N0922SN,731150-3,1964
TERMINAL,TKT34N64S0SN,711344-3,1500
TERMINAL,TKT34N64U0SN,711349-3,1000
TERMINAL,TKT34S64N0SN,711318-3,1500
TERMINAL,TKT3518702BR,730603-1,4000
TERMINAL,TKT3518702SN,730603-3,4000
TERMINAL,TKT4412002SN,731164-3,4000
TERMINAL,TKT4428006SN,731152-3,2500
TERMINAL,TKT44SPLI0BR,760320-1,5000
TERMINAL,TKT4506403SN,710728-2,1
TERMINAL,TKT45064LTSN,710784-3,800
TERMINAL,TKT45182W5SN,RS F/LKET,1500
TERMINAL,TKT45312C1SN,741020-3,1500
TERMINAL,TKT4558W02SN,ST730525-3,2500
TERMINAL,TKT45N1101SN,741367-3,2500
TERMINAL,TKT45N1102SN,731424-3,2500
TERMINAL,TKT45N2501SN,741207-3,2000
TERMINAL,TKT45N2502SN,731210-3,1200
TERMINAL,TKT45SLBL1SN,741283-3,1500
TERMINAL,TKT45SWP06SN,730496-3,3000
TERMINAL,TKT46064TLSN,711199-3,1400
TERMINAL,TKT5509022SN,730677-3,3500
TERMINAL,TKT55092W6SN,730625-3,1
TERMINAL,TKT5558L00SN,730723-3,700
TERMINAL,TKT55SPLI0BR,760149-1,4000
TERMINAL,TKT5606400SN,710850-3,1500
TERMINAL,TKT5606420SN,710846-3,1500
TERMINAL,TKT56064LSSN,711309-3,1300
TERMINAL,TKT56064N0SN,711325-3,1000
TERMINAL,TKT56064R0SN,710507-3,1500
TERMINAL,TKT56064T0SN,710870-3,1500
TERMINAL,TKT5611012SN,731281-3,2000
TERMINAL,TKT56164N0SN,711321-3,1000
TERMINAL,TKT5623122SN,731112-3,1300
TERMINAL,TKT5625002BR,730269-1,3500
TERMINAL,TKT5625002SN,730269-3,3500
TERMINAL,TKT56250D2BR,730469-1,3500
TERMINAL,TKT56250D2SN,730469-3,3500
TERMINAL,TKT5628111SN,741287-3,2000
TERMINAL,TKT5631222SN,730642-3,1300
TERMINAL,TKT56312P2SN,730934-3,1300
TERMINAL,TKT5658X16SN,730660-3,2500
TERMINAL,TKT5664A00SN,711355-3,1500
TERMINAL,TKT5664B00SN,711362-3,1500
TERMINAL,TKT5664TA0SN,711357-3,1000
TERMINAL,TKT5664TC0SN,711364-3,1200
TERMINAL,TKT56C2502SN,731167-3,1000
TERMINAL,TKT56HR6N0SN,710985-3,1000
TERMINAL,TKT56HR6P0SN,710988-3,1000
TERMINAL,TKT56HTR60SN,710991-3,1200
TERMINAL,TKT56LHMF2SN,781035-3,1500
TERMINAL,TKT56LHMM2SN,781098-3,3000
TERMINAL,TKT56LHTB0SN,710952-3,1000
TERMINAL,TKT56N0922SN,731151-3,3500
TERMINAL,TKT56N2501SN,741206-3,2000
TERMINAL,TKT56N2502SN,731209-3,1200
TERMINAL,TKT56N64U0SN,711350-3,1000
TERMINAL,TKT56RHTB0SN,710964-3,1000
TERMINAL,TKT6618702SN,730968-3,4000
TERMINAL,TKT6625001BR,740255-1,2271
TERMINAL,TKT6625001SN,740255-3,3500
TERMINAL,TKT6705400SN,710246-2,1
TERMINAL,TKT67312C1SN,741021-3,1300
TERMINAL,TKT6758L00SN,730722-3,700
TERMINAL,TKT6764080SN,710782-3,1200
TERMINAL,TKT6764TA0SN,711358-3,1000
TERMINAL,TKT67C2502SN,731453-3,1000
TERMINAL,TKT67HTR60SN,710992-3,1000
TERMINAL,TKT67N64U0SN,711351-3,1000
TERMINAL,TKT67SLBL1SN,741284-3,1300
TERMINAL,TKT67SPLI0BR,760145-1,1800
TERMINAL,TKT77164N0SN,711322-3,1000
TERMINAL,TKT7723122SN,731422-3,4100
TERMINAL,TKT77HR6N0SN,710986-3,1000
TERMINAL,TKT77HR6P0SN,710989-3,1000
TERMINAL,TKT78064LSSN,711310-3,1000
TERMINAL,TKT78064LTSN,710950-3,1000
TERMINAL,TKT78064R0SN,710591-3,1000
TERMINAL,TKT78064S0SN,711022-3,1000
TERMINAL,TKT7823122SN,731147-3,800
TERMINAL,TKT7831222SN,730643-3,800
TERMINAL,TKT7831226SN,730652-3,800
TERMINAL,TKT7858L01SN,ST740539-3,800
TERMINAL,TKT78LHTB0SN,710967-3,1000
TERMINAL,TKT78RHTB0SN,710953-3,1000
TERMINAL,TKTAB950W2SN,731133-3,400
TERMINAL,TKTMM02501SN,741056-3,7000
TERMINAL,TKTMM02502SN,731054-3N,8000
TERMINAL,TKTMM02522SN,731374-3,7000
TERMINAL,TKTMM04032SN,731007-3,5000
TERMINAL,TKTMM06012SN,731334-3,5000
TERMINAL,TKTMM09022SN,731100-3,3500
TERMINAL,TKTMM09032SN,731102-3,4000
TERMINAL,TKTMM91AA2SN,731005-3,6000
TERMINAL,TKTMMC2501SN,741361-3,9000
TERMINAL,TKTMMC2512SN,731410-3,8000
TERMINAL,TKTMMC25N1SN,741361-3N,9000
TERMINAL,TKTMMN0921SN,741154-3,6000
TERMINAL,TKU1206006AU,MT095-33060,4000
TERMINAL,TKU1206006SN,MT095-33080,4000
TERMINAL,TKU12AWP05SN,TP131-00100,3000
TERMINAL,TKU12AWP06SN,TP135-00100,3000
TERMINAL,TKU12CDR01SN,MT091-29030,5000
TERMINAL,TKU12CDR02SN,MT095-29080,5000
TERMINAL,TKU12DSD02BR,MT025-23000,3000
TERMINAL,TKU12DSD02SN,MT025-23030,3000
TERMINAL,TKU12FL0A0BR,SL101-02090,2000
TERMINAL,TKU12FL0B0BR,SL102-02000,5000
TERMINAL,TKU12HSC02SN,TK105-00100,8000
TERMINAL,TKU12MMC01SN,TK191-00100,8000
TERMINAL,TKU12MMC02AU,TK195-00110,8000
TERMINAL,TKU12MMC02SN,TK195-00100,8000
TERMINAL,TKU12MMC21AU,TK192-00110,8000
TERMINAL,TKU12MMC21SN,TK192-00100,8000
TERMINAL,TKU12MMC22AU,TK196-00110,7000
TERMINAL,TKU12MMC22SN,TK196-00100,7000
TERMINAL,TKU12NIC01SN,TK201-00100,6000
TERMINAL,TKU12NIC02AG,TK205-00120,4000
TERMINAL,TKU12NIC02SN,TK205-00100,4000
TERMINAL,TKU12NMWP5SN,MT091-63080,3500
TERMINAL,TKU12NMWP6AU,MT095-63060,3500
TERMINAL,TKU12NMWP6SN,MT095-63080,3500
TERMINAL,TKU12NSC01SN,TK221-00100,3000
TERMINAL,TKU12NSC02SN,TK225-00100,2000
TERMINAL,TKU12TWP05SN,TP101-00100,8000
TERMINAL,TKU12TWP06SN,TP105-00100,8000
TERMINAL,TKU12TWP16SN,TP106-00100,8000
TERMINAL,TKU12TWP25SN,TP231-00200,7000
TERMINAL,TKU12XWP05SN,TP031-00100,3000
TERMINAL,TKU12XWP06SN,TP035-00100,3000
TERMINAL,TKU22TS00200,SL014-02000,5000
TERMINAL,TKU2362Z06AU,MT095-33860,3500
TERMINAL,TKU2362Z06SN,MT095-33880,3500
TERMINAL,TKU23LAP04BR,TL070-00010,3500
TERMINAL,TKU23RBL00BR,SL136-01000,2500
TERMINAL,TKU23RBLE2SN,SL192-00000,3500
TERMINAL,TKU23RBLS2SN,SL191-00000,1500
TERMINAL,TKU33NMWP5SN,TN021-00200,3000
TERMINAL,TKU33NMWP6AU,TN025-00210,3000
TERMINAL,TKU33NMWP6SN,TN025-00200,3000
TERMINAL,TKU33WMC06SN,TP055-00200,3000
TERMINAL,TKU33XWP06SN,TP035-00200,3000
TERMINAL,TKU34AWP05SN,TP131-00200,3000
TERMINAL,TKU34AWP06SN,TP135-00200,3000
TERMINAL,TKU34CDR01SN,MT091-29830,6000
TERMINAL,TKU34CDR02SN,MT095-29880,5000
TERMINAL,TKU34NIC01SN,TK201-00200,5000
TERMINAL,TKU34NIC02SN,TK205-00200,4000
TERMINAL,TKU34NMWP5SN,MT091-63280,3000
TERMINAL,TKU34NMWP6SN,MT095-63280,3000
TERMINAL,TKU34NSC01SN,TK221-00200,3000
TERMINAL,TKU34NSC02SN,TK225-00200,2000
TERMINAL,TKU34NWP05SN,TP161-00200,1000
TERMINAL,TKU34NWP06SN,TP165-00200,1000
TERMINAL,TKU34VWP06AU,TP145-00211,3000
TERMINAL,TKU44HLC02SN,TL180-00100,2000
TERMINAL,TKU45HL002SN,SL051-02000,1500
TERMINAL,TKU45HLC02SN,SL121-02000,2000
TERMINAL,TKU45XWP05SN,TP031-00300,3000
TERMINAL,TKU45XWP06SN,TP035-00300,3000
TERMINAL,TKU56NHC02SN,TK235-00200,1000
TERMINAL,TKU56NSC01SN,TK221-00300,2000
TERMINAL,TKU56NSC02SN,TK225-00300,1500
TERMINAL,TKU66DSD02BR,MT025-23300,3000
TERMINAL,TKU66DSD02SN,MT025-23330,3000
TERMINAL,TKU66SPLI0BR,MT240-01200,5000
TERMINAL,TKU88SPLI0BR,MT240-01400,2000
TERMINAL,TKUMMMMC01SN,TK191-00400,8000
TERMINAL,TKUMMMMC02SN,TK195-00400,8000
TERMINAL,TKUMMMMC21SN,TK192-00400,8000
TERMINAL,TKUMMMMC22SN,TK196-00400,8000
TERMINAL,TKUMMNIC01SN,TK201-00400,6000
TERMINAL,TKUMMNIC02SN,TK205-00400,4000
TERMINAL,TKUMMTWP06SN,TP105-00400,8000
TERMINAL,TKY1202502SN,4011-0047,8000
TERMINAL,TKY12025C2SN,TKC12-B6422,8000
TERMINAL,TKYMM02502SN,4011-0046,8000
TERMINAL,TMK1120P02SN,560124-0101,15000
TERMINAL,TMK11CMC02SN,98195-1211,5000
TERMINAL,TMK11CT512SN,5600230448,1
TERMINAL,TMK11MXLR2SN,33468-0002,10000
TERMINAL,TMK11OBD22SN,50420-8200,5000
TERMINAL,TMK1204032SN,50654-1001,6000
TERMINAL,TMK1208002SN,430300001,12000
TERMINAL,TMK1209W06SN,35407-6702,4000
TERMINAL,TMK12CMC02SN,98658-1211,10000
TERMINAL,TMK12MX151SN,330001004,1
TERMINAL,TMK1316502SN,5556T(39000-0038),4000
TERMINAL,TMK13OBD22SN,50420-8000,5000
TERMINAL,TMK22MX1L6SN,33012-3004,7000
TERMINAL,TMK23BSC00BR,35438-8000,2500
TERMINAL,TMK23BSE00BR,35439-8000,3000
TERMINAL,TMK23CMC02SN,98195-1212,5000
TERMINAL,TMK23ESCK0BR,35465-8000,3000
TERMINAL,TMK23SCKT0BR,35464-8000,1000
TERMINAL,TMK33MX1L6SN,33012-3002,6000
TERMINAL,TMK3409W06SN,35407-6802,4000
TERMINAL,TMK45CMC02SN,98195-1213,5000
TERMINAL,TMKMM08002SN,43030-0004,12000
TERMINAL,TMKMMCMC02SN,98658-1213,10000
TERMINAL,TPK11ASM02SN,1539-4147,11000
TERMINAL,TPK12GT152AU,1547-1370,4000
TERMINAL,TPK12GT152SN,1219-1811,1
TERMINAL,TPK2215002SN,1206-4971,4500
TERMINAL,TPK45GT282SN,1530-4720,2300
TERMINAL,TSE12PIC02SN,1393367-1,10000
TERMINAL,TSE23PIC02SN,1393366-1,10000
COMPONENTES,TSEAB3V010SN,91980-3V010,100
COMPONENTES,TSEBB3X050SN,91980-3X050,100
COMPONENTES,TSEBC1G750SN,TSE04-82658,100
COMPONENTES,TSEBC2H000SN,91980-2H000,100
COMPONENTES,TSEBC2H010SN,91980-2H010,100
COMPONENTES,TSEBC3X060SN,91980-3X060,100
COMPONENTES,TSEBC83610SN,TSE04-83618,100
COMPONENTES,TSEBCA5010SN,91980-A5010,100
COMPONENTES,TSEBCD1010SN,91985-D1010,100
COMPONENTES,TSEBCF2020SN,91985-F2020,100
COMPONENTES,TSEBCF2030SN,91985-F2030,50
COMPONENTES,TSEBCF2050SN,91985-F2050,100
COMPONENTES,TSEBCF2060SN,91985-F2060,200
COMPONENTES,TSEBCLT360SN,TSE04-82608,100
COMPONENTES,TSECC3X030SN,91980-3X030,100
COMPONENTES,TSEDEF2040SN,91985-F2040,50
COMPONENTES,TSEEE3X010SN,MDE12-00139,200
COMPONENTES,TSEEE3X050SN,91985-3X050,50
COMPONENTES,TSEEED1050SN,91985-D1050,500
TERMINAL,TSM1102502SN,8100-3624,8000
TERMINAL,TSM11064W5SN,8100-3617,8000
TERMINAL,TSM11HY152SN,8240-0344,7000
TERMINAL,TSM1202502SN,8100-3625,8500
TERMINAL,TSM1202506SN,8100-3455,7500
TERMINAL,TSM1206302AU,8240-0360,10000
TERMINAL,TSM1208002SN,8100-4443,3000
TERMINAL,TSM12091W6SN,8240-4862,4000
TERMINAL,TSM1212006AG,8240-0645,6000
TERMINAL,TSM1212006AU,8240-0559,6000
TERMINAL,TSM1212006SN,8240-0560,6000
TERMINAL,TSM1212016AU,8240-0650,6000
TERMINAL,TSM1215WP6SN,8240-0304,6000
TERMINAL,TSM12HY156AU,8240-0441,4000
TERMINAL,TSM12HY156SN,8240-0438,4000
TERMINAL,TSM12NH0N2SN,8240-0552,12000
TERMINAL,TSM14090W6AU,1500-0133,5000
TERMINAL,TSM22HY152SN,8240-0345,6000
TERMINAL,TSM2409W16SN,8100-0461,4000
TERMINAL,TSM3308002SN,8100-4444,2500
TERMINAL,TSM3412006SN,8240-0558,5000
TERMINAL,TSM34HY152SN,8240-0346,5000
TERMINAL,TSM34HY156SN,8240-0439,4000
TERMINAL,TSM3509W16SN,35407-6812,4000
TERMINAL,TSM4508002SN,8100-4445,2500
TERMINAL,TSM45091W6SN,8240-4952,3500
TERMINAL,TTK3423202SN,4R1191-0004,5000
TERMINAL,TTSBC2V100SN,91961-2V100,10
TERMINAL,TTSBC2V500SN,91961-2V500,100
TERMINAL,TUJ11020S2SN,KH1400004-21,12000
TERMINAL,TUJ11PCBS2SN,KH1600036-21,9000
TERMINAL,TUJ1202002SN,KH1200030-21,12000
TERMINAL,TYJ1215S02SN,7116-4100-02,5000
TERMINAL,TYJ1265072AU,7116-4221-08,5500
TERMINAL,TYJ12ABAG2AU,7116-4231-08,6500
TERMINAL,TYJ12SSC02AU,7116-4102-08,5000
TERMINAL,TYJ12SSC02SN,7116-4102-02,5000
TERMINAL,TYJ3415S02SN,7116-4101-02,4000
TERMINAL,TYR1102501SN,310042-11,7000
TERMINAL,TYR1102502SN,320051-11,7000
TERMINAL,TYR1206001AU,310004-12,3000
TERMINAL,TYR1206001SN,310004,3000
TERMINAL,TYR1206022AU,320029-12,3000
TERMINAL,TYR1206022SN,320029,3000
TERMINAL,TYR1206032AU,320078-12,1500
TERMINAL,TYR1206032SN,320078-11,3000
TERMINAL,TYR12060W5SN,310001,3000
TERMINAL,TYR12062W6AU,320059-12,3000
TERMINAL,TYR12062W6SN,320026,1000
TERMINAL,TYR1211001SN,310043-11,2000
TERMINAL,TYR1211002SN,320052-11,2000
TERMINAL,TYR2225M22SN,320091-11,7000
TERMINAL,TYR3406001SN,310005,3000
TERMINAL,TYR3406022SN,320030,3000
TERMINAL,TYR3406032SN,320079-11,3000
TERMINAL,TYR3411001SN,310044-11,2000
TERMINAL,TYR3411002SN,320053-11,2000
TERMINAL,TYR5611001SN,310045-11,2000
TERMINAL,TYR5611002SN,320054-11,2000
TERMINAL,TYRMM02501SN,310041-11,7000
TERMINAL,TYRMM02502SN,320050-11,7000
TERMINAL,TYRMM06001SN,310003,3000
TERMINAL,TYRMM06022SN,320075,3000
COMPONENTES,UCOT0B05ROLL,COT 5XROLL,1000
COMPONENTES,UCOT0B11ROLL,COT 11XROLL,400
COMPONENTES,UCOT0B12ROLL,COT 12XROLL,300
COMPONENTES,UCOT0B14ROLL,UCOT0B14ROLL,300
COMPONENTES,UCOT0B22ROLL,UCOT0B22ROLL,100
COMPONENTES,UCOT0Y05ROLL,COT Y 5XROLL,1000
COMPONENTES,UCOT0Y07ROLL,COT Y 7XROLL,500
COMPONENTES,UHMT0040030,HMT 4X30,1000
COMPONENTES,UHMT0040050,HMT 4X50,1000
COMPONENTES,UHMT0060030,HMT6x30,1000
COMPONENTES,UHMT0060050,HMT 6X50,500
COMPONENTES,UHMT0090050,,6
COMPONENTES,UHMT0090060,HMT 9X60,500
COMPONENTES,UHSC0030015,HSC3X15,2000
COMPONENTES,UHSC0040030,HSC4X30,2000
COMPONENTES,UHSC0040050,HSC 4x50,2000
COMPONENTES,UHSC0040065,HSC4X65,1000
COMPONENTES,UHSC0050035,,7
COMPONENTES,UHSC0060030,HSC 6X30,1000
COMPONENTES,UHSC0060050,HSC 6x50,1000
COMPONENTES,UHSC0080035,,8
COMPONENTES,UHSC0090030,HSC 9X30 ??????????,1
COMPONENTES,UHSC0090040,HSC 9x40 ??????????,1
COMPONENTES,UHSC0090050,HSG0090050,1000
COMPONENTES,UHSC0140030,HSC 14X30,1000
COMPONENTES,UHSC0140050,14X50,1000
COMPONENTES,UHSC0140060,HSC14-60,1000
COMPONENTES,UHSC0160030,HSG0160030,100
COMPONENTES,UHSC0160050,HSC 16X50,500
COMPONENTES,UHSCC030015,CRN-1/8-0(15mm),1000
COMPONENTES,UHSCC040015,CRN-3/16-0(15mm),1000
COMPONENTES,UHSCC060015,CRN-1/4-0(15mm),10000
COMPONENTES,UHSCC090020,CRN-3/8-0(20mm),1000
COMPONENTES,UPVC0B04ROLL,PVC 4XROLL,1000
COMPONENTES,UPVC0B05ROLL,UPVC0B05ROLL,600
COMPONENTES,UPVC0B06ROLL,PVC 6XROLL,500
COMPONENTES,UPVC0B08ROLL,PVC 8XROLL,400
COMPONENTES,UPVC0B10ROLL,PVC 10XROLL,300
COMPONENTES,UPVC0B12ROLL,PVC 12XROLL,200
COMPONENTES,UPVC0B14ROLL,PVC 14XROLL,100
COMPONENTES,UPVC0Y04ROLL,UPVC0Y04ROLL,1000
COMPONENTES,UPVC0Y06ROLL,UPVC0Y06ROLL,500
COMPONENTES,USHMT060030,SHMT6X30,1000
COMPONENTES,USHMT060050,SHMT6X50,500
COMPONENTES,USHMT060060,SHMT 6X60 (B),500
COMPONENTES,USHMT090020,SHMT9x20,1000
COMPONENTES,USHMT090030,SHMT9X30,1000
COMPONENTES,USHMT090050,SHMT9X50,500
COMPONENTES,USHMT090060,SHMT 9X60 (B),500
COMPONENTES,USHMT120060,SHMT 12X60,200
COMPONENTES,USHMT140050,SHMT14-50,200
COMPONENTES,USHMT140060,SHMT14x60,200
CABLE,WAB0800100,AVUHSF 8.0 B,2000
CABLE,WAB0800300,AVUHSF 8.0 R,2000
CABLE,WAB1500100,AVUHSF 15.0 B,1500
CABLE,WAB2000100,AVUHSF 20.0 SQ B,1000
CABLE,WAB2500100,AVUHSF 25.0 SQ B,1000
CABLE,WAB3000100,AVUHSF 30.0 B,800
CABLE,WAS0300100,AVS 3.0 B,1800
CABLE,WAS0300200,AVS 3.0 W,1800
CABLE,WAS0300300,AVS 3.0 R,1800
CABLE,WAS0300400,AVS 3.0 G,1800
CABLE,WAS0300700,AVS 3.0 L,1800
CABLE,WAS0300F00,AVS 3.0 P,1800
CABLE,WAS0500100,AVS 5.0 B,1200
CABLE,WAS0500200,AVS 5.0 W,1200
CABLE,WAS0500300,AVS 5.0 R,1200
CABLE,WAS0800100,AVS 8.0 B,700
CABLE,WAS0800300,AVS 8.0 R,700
CABLE,WCH0022100,CHFUS 0.22 B,7000
CABLE,WCH0022200,CHFUS 0.22 W,7000
CABLE,WCH0022300,CHFUS 0.22 R,7000
CABLE,WCH0022400,CHFUS 0.22 G,7000
CABLE,WCH0022500,CHFUS 0.22 Y,7000
CABLE,WCH0022600,CHFUS 0.22 BR,7000
CABLE,WCH0022700,CHFUS 0.22 L,7000
CABLE,WCH0022800,CHFUS 0.22 GR,7000
CABLE,WCH0022A00,CHFUS 0.22 O,7000
CABLE,WCH0022F00,CHFUS 0.22 P,7000
CABLE,WCR0400A00,CU-R4XLPO-HV 4.0 O,1
CABLE,WCR0400A10,CU-R4XLPO-HV 4.0 O/B,1
CABLE,WEF0300100,AEXF 3.0 B,1800
CABLE,WEF0300200,AEXF 3.0 W,1800
CABLE,WEF0300300,AEXF 3.0 R,1800
CABLE,WEF0500100,AEXF 5.0 B,200
CABLE,WEF0500200,AEXF 5.0 W,200
CABLE,WEF0800100,AEXF 8.0 B,150
CABLE,WEX0030100,AESSXF 0.3 B,12000
CABLE,WEX0030120,AESS-XF 0.3 B/W,1
CABLE,WEX0030130,AESSXF 0.3 B/R,12000
CABLE,WEX0030140,AESSXF 0.3 B/G,12500
CABLE,WEX0030150,AESS-XF 0.3 B/Y,12000
CABLE,WEX0030170,AESS-XF 0.3 B/L,12000
CABLE,WEX0030180,AESS-XF 0.3 B/Gr,12000
CABLE,WEX00301A0,AESSXF 0.3 B/O,12000
CABLE,WEX0030200,AESSXF 0.3 W,12000
CABLE,WEX0030300,AESSXF 0.3 R,12000
CABLE,WEX0030400,AESSXF 0.3 G,12000
CABLE,WEX00304A0,AESSXF 0.3 G/O,12000
CABLE,WEX0030500,AESSXF 0.3 Y,12000
CABLE,WEX0030600,AESSXF 0.3 BR,12000
CABLE,WEX0030610,AESSXF 0.30 BR/B,12000
CABLE,WEX00306A0,AESSXF 0.30 BR/O,12000
CABLE,WEX0030700,AESSXF 0.3 L,12000
CABLE,WEX00307A0,AESSXF 0.3 L/O,12000
CABLE,WEX0030800,AESSXF 0.3 GR,12000
CABLE,WEX0030810,AESSXF 0.30 GR/B,12000
CABLE,WEX00308A0,AESSXF 0.3 GR/O,12000
CABLE,WEX0030A00,AESSXF 0.3 O,12000
CABLE,WEX0030F00,AESSXF 0.3 P,12000
CABLE,WEX0050100,AESSXF 0.5 B,8000
CABLE,WEX00501A0,AESSXF 0.5 B/O,8000
CABLE,WEX0050200,AESSXF 0.5 W,8000
CABLE,WEX0050210,AESSXF 0.5 W/B,8000
CABLE,WEX00502A0,AESSXF 0.5 W/O,8000
CABLE,WEX0050300,AESSXF 0.5 R,8000
CABLE,WEX0050310,AESSXF 0.5 R/B,8000
CABLE,WEX00503A0,AESSXF 0.5 RO,8000
CABLE,WEX0050400,AESSXF 0.5 G,8000
CABLE,WEX0050410,AESSXF 0.5  G/B,8000
CABLE,WEX00504A0,AESSXF 0.5 G/O,8000
CABLE,WEX0050500,AESSXF 0.5 Y,8000
CABLE,WEX0050510,AESSXF 0.5 Y/B,8000
CABLE,WEX00505A0,AESSXF 0.5 Y/O,8000
CABLE,WEX0050600,AESSXF 0.5 BR,8000
CABLE,WEX00506A0,AESSXF 0.5 BR/O,8000
CABLE,WEX0050700,AESSXF 0.5 L,8000
CABLE,WEX0050710,AESSXF 0.5 L/B,8000
CABLE,WEX00507A0,AESSXF 0.5 L/O,8000
CABLE,WEX0050800,AESSXF 0.5 GR,8000
CABLE,WEX0050810,AESSXF 0.5 GR/B,8000
CABLE,WEX00508A0,AESSXF 0.5 GR/O,8000
CABLE,WEX0050900,AESS-XF 0.5 LG,8000
CABLE,WEX0050A00,AESSXF 0.5 O,8000
CABLE,WEX0050F00,AESSXF 0.5 P,8000
CABLE,WEX0050F10,AESSXF 0.5 P/B,8000
CABLE,WEX0075100,AESSXF 0.75 B,8000
CABLE,WEX00751A0,AESSXF 0.75 B/O,8000
CABLE,WEX0075200,AESSXF 0.75 W,7500
CABLE,WEX0075300,AESSXF 0.75 R,8000
CABLE,WEX0075400,AESSXF 0.75 G,8000
CABLE,WEX00754A0,AESSXF 0.75 G/O,8000
CABLE,WEX0075500,AESSXF 0.75 Y,8000
CABLE,WEX0075600,AESSXF 0.75 BR,8000
CABLE,WEX0075700,AESSXF 0.75 L,8000
CABLE,WEX0075800,AESSXF 0.75 GR,8000
CABLE,WEX0075A00,AESSXF 0.75 O,8000
CABLE,WEX0075F00,AESSXF 0.75 P,7500
CABLE,WEX0125100,AESSXF 1.25 B,5000
CABLE,WEX0125120,AESS-XF 1.25 BW,5000
CABLE,WEX0125200,AESSXF 1.25 W,5000
CABLE,WEX0125300,AESSXF 1.25 R,5000
CABLE,WEX0125400,AESSXF 1.25 G,5000
CABLE,WEX01254A0,AESSXF 1.25 G/O,5000
CABLE,WEX0125600,AESSXF 1.25 BR,5000
CABLE,WEX0125700,AESSXF 1.25 L,5000
CABLE,WEX0125A00,AESSXF 1.25 O,5000
CABLE,WEX0125F00,AESSXF 1.25 P,5000
CABLE,WEX0200100,AESSXF 2.0 B,3000
CABLE,WEX0200200,AESSXF 2.0 W,3000
CABLE,WEX0200300,AESSXF 2.0 R,3000
CABLE,WEX0200400,AESSXF 2.0 G,3000
CABLE,WEX02004A0,AESSXF 2.0 G/O,3000
CABLE,WEX0200500,AESSXF 2.0 Y,3500
CABLE,WEX0200A00,AESSXF 2.0 O,3000
CABLE,WEX0200F00,AESSXF 2.0 P,3500
CABLE,WEX0250100,AESSXF 2.5 B,2500
CABLE,WEX0250300,AESSXF 2.5 R,2500
CABLE,WEX0250700,AESSXF 2.5 L,2500
CABLE,WFR0035800,FLR2X-A 0.35 Gr,15000
CABLE,WFT0400300,FLR2X-B 4.0 R,300
CABLE,WHL0030100,HL-HLF CA 0.3 B,1500
CABLE,WHL0030120,HL-HLF CA 0.3 B/W,1500
CABLE,WHL0030130,HL-HLF CA 0.3 B/R,1500
CABLE,WHL0030140,HL-HLF CA 0.3 B/G,1500
CABLE,WHL0030150,HL-HLF CA 0.3 B/Y,1500
CABLE,WHL0030160,HL-HLF CA 0.3 B/Br,1000
CABLE,WHL0030170,HL-HLF CA 0.3 B/L,1500
CABLE,WHL0030180,HL-HLF CA 0.3 B/GR,1500
CABLE,WHL00301A0,HL-HLF CA 0.3 B/O,1500
CABLE,WHL00301F0,HL-HLF CA 0.3 B/P,1000
CABLE,WHL0030600,HL-HLF CA 0.3 Br,1500
CABLE,WHL0030800,HL-HLF CA 0.3 Gr,1000
CABLE,WHL0030810,HL-HLF CA 0.3 Gr/B,1000
CABLE,WHL00308F0,HL-HLF CA 0.3 Gr/P,1500
CABLE,WHL0030D80,HL-HLF CA 0.3 DGr,1500
CABLE,WHL0030J00,HL HLF-CA 0.3 DGr,1500
CABLE,WHL0050100,HL-HLF CA 0.5 B,1000
CABLE,WHL0050120,HL-HLF CA 0.5 B/W,1000
CABLE,WHL0050130,HL-HLF CA 0.5 B/R,1000
CABLE,WHL0050140,HL-HLF CA 0.5 B/G,1000
CABLE,WHL0050150,HL-HLF CA 0.5 B/Y,1000
CABLE,WHL0050170,HL-HLF CA 0.5 B/L,1000
CABLE,WHL0050180,HL-HLF CA 0.5 B/GR,1000
CABLE,WHL00501F0,HL-HLF CA 0.5 B/P,1000
CABLE,WHL0050810,HL-HLF_CA 0.50 Gr/B,1000
CABLE,WHL00508F0,HL-HLF CA 0.50 Gr/P,1000
CABLE,WHL0050J00,HL-HLF CA 0.5 DGr,1000
CABLE,WHL0125100,HL-HLF CA 1.25 B,700
CABLE,WHL0125130,HL-HLF CA 1.25 B/R,700
CABLE,WHL0125170,HL-HLF CA 1.25 B/L,700
CABLE,WHL0125180,HL-HLF CA 1.25 B/Gr,700
CABLE,WHL0125800,HL-HLF CA 1.25 Gr,700
CABLE,WHL0125J00,HL-HLF CA 1.25 DGr,700
CABLE,WLK0150100,FLRY-B 1.50 BK,1
CABLE,WPJ1000H00,TBC 10.0 SV (????),200
CABLE,WPJ1500H00,TPC 15.0SQ  SILVER,200
CABLE,WSH21-22000,AESSXF SLD 0.50 W,300
CABLE,WSH21-23000,AESSXF SLD 0.50 R,300
CABLE,WSH21-24000,AESSXF-BS 0.5 G,300
CABLE,WSH21-27000,AESSXF-BS 0.5 L,300
CABLE,WSH21-32000,AESSXF BS 0.75 W,500
CABLE,WSH21-33000,AESSXF BS 0.75 R,500
CABLE,WSH21-34000,AESSXF BS 0.75 G,500
CABLE,WSH21-3F000,AESSXF BS 0.75 P,300
CABLE,WSH21-41000,AESSXF SLDX 1.25 B,300
CABLE,WSH21-42000,AESSXF SLD 1.25 W,300
CABLE,WSH21-43000,AESSXF SLD 1.25 R,300
CABLE,WSH21-44000,AESSXF SLD1.25 G,300
CABLE,WSH22-11300,AESSXF BS 2*0.3,300
CABLE,WSH22-21300,AESSXF BS 2*0.5 B/R,300
CABLE,WSH22-22400,AESSXF BS 2*0.5 W/G,300
CABLE,WSH23-S1250,AESSXF BS 3*0.75 B/W/Y,300
CABLE,WSH24-21234,AESSXF SLD4 0.5 B/W/R/G,200
CABLE,WSH24-S1234,AESSXF SLD4 0.75 B/W/R/G,200
CABLE,WSH42-11300,"AVSS BS 2*0.3  B,R",500
CABLE,WSH42-12400,AVSS BS 2*0.3 W/G,500
CABLE,WSH42-17A00,"AVSS-BS 2*0.3 L,O",500
CABLE,WSH43-11250,AVSS BS 3*0.3 B/W/Y,300
CABLE,WSHAP8-10000,FLRYBY 4P*0.35,200
CABLE,WSHAQ5-10000,"FLR9YB9Y 5*0.35 B(W,G,R,BR,L)",300
CABLE,WSHAQ8-10000,"FLR9YB9Y 8*0.35 B(L,BR)(Y,P)(W",200
CABLE,WSS0030100,AVSS 0.3 B,4000
CABLE,WSS0030120,AVSS 0.3 B/W,4000
CABLE,WSS0030130,AVSS 0.3 B/R,4000
CABLE,WSS0030150,AVSS 0.3 B/Y,4000
CABLE,WSS0030170,AVSS 0.3 B/L,4000
CABLE,WSS00301A0,AVSS 0.3 B/O,4000
CABLE,WSS00301F0,AVSS 0.3 B/P,4000
CABLE,WSS0030200,AVSS 0.3 W,4000
CABLE,WSS0030210,AVSS 0.3 W/B,4000
CABLE,WSS0030240,AVSS 0.3 W/G,4000
CABLE,WSS0030270,AVSS 0.3 W/L,4000
CABLE,WSS00302A0,AVSS 0.3 W/O,4000
CABLE,WSS0030300,AVSS 0.3 R,4000
CABLE,WSS0030310,AVSS 0.3 R/B,4000
CABLE,WSS0030340,AVSS 0.3 R/G,4000
CABLE,WSS0030350,AVSS 0.3 R/Y,4000
CABLE,WSS00303A0,AVSS 0.3 R/O,4000
CABLE,WSS0030400,AVSS 0.3 G,4000
CABLE,WSS0030410,AVSS 0.3 G/B,4000
CABLE,WSS0030420,AVSS 0.3 G/W,4000
CABLE,WSS00304A0,AVSS 0.3 G/O,4000
CABLE,WSS0030500,AVSS 0.3 Y,4000
CABLE,WSS0030510,AVSS 0.3 Y/B,4000
CABLE,WSS0030530,AVSS 0.3 Y/R,4000
CABLE,WSS0030540,AVSS 0.3 Y/G,4000
CABLE,WSS0030570,AVSS 0.3 Y/L,4000
CABLE,WSS00305A0,AVSS 0.3 Y/O,4000
CABLE,WSS0030600,AVSS 0.3 BR,4000
CABLE,WSS0030610,AVSS 0.3 BR/B,4000
CABLE,WSS0030650,AVSS 0.3 Br/Y,4000
CABLE,WSS00306A0,AVSS 0.3 BR/O,4000
CABLE,WSS0030700,AVSS 0.3 L,4000
CABLE,WSS0030710,AVSS 0.3 L/B,4000
CABLE,WSS0030720,AVSS 0.3 L/W,4000
CABLE,WSS0030740,AVSS 0.3 L/G,4000
CABLE,WSS0030750,AVSS 0.3 L/Y,4000
CABLE,WSS00307A0,AVSS 0.3 L/O,4000
CABLE,WSS0030800,AVSS 0.3 GR,4000
CABLE,WSS0030810,AVSS 0.3 GR/B,4000
CABLE,WSS00308A0,AVSS 0.3 GR/O,4000
CABLE,WSS0030930,AVSS 0.3 Lg/R,4000
CABLE,WSS0030950,AVSS 0.3 Lg/Y,4000
CABLE,WSS0030A00,AVSS 0.3 O,4000
CABLE,WSS0030A10,AVSS 0.3 O/B,4000
CABLE,WSS0030E20,AVSS 0.3 T/W,4000
CABLE,WSS0030F00,AVSS 0.3 P,4000
CABLE,WSS0030F10,AVSS 0.3 P/B,4000
CABLE,WSS0030FA0,AVSS 0.3 P/O,12000
CABLE,WSS0050100,AVSS 0.5 B,3000
CABLE,WSS0050120,AVSS 0.5 B/W,3000
CABLE,WSS0050130,AVSS 0.5 B/R,3000
CABLE,WSS0050170,AVSS 0.5 B/L,3000
CABLE,WSS0050190,AVSS 0.5 B/Lg,3000
CABLE,WSS00501A0,AVSS 0.5 B/O,3000
CABLE,WSS00501F0,AVSS 0.5 B/P,3000
CABLE,WSS0050200,AVSS 0.5 W,3000
CABLE,WSS0050250,AVSS 0.5 W/Y,3000
CABLE,WSS0050270,AVSS 0.5 W/L,3000
CABLE,WSS00502A0,AVSS 0.5 W/O,10000
CABLE,WSS0050300,AVSS 0.5 R,3000
CABLE,WSS0050310,AVSS 0.5 R/B,3000
CABLE,WSS0050370,AVSS 0.5 R/L,3000
CABLE,WSS00503A0,AVSS 0.5 R/O,3000
CABLE,WSS0050400,AVSS 0.5 G,3000
CABLE,WSS0050410,AVSS 0.5 G/B,3000
CABLE,WSS0050420,AVSS 0.5 G/W,1000
CABLE,WSS0050430,AVSS 0.5 G/R,3000
CABLE,WSS0050450,AVSS 0.5 G/Y,3000
CABLE,WSS00504A0,AVSS 0.5 G/O,3000
CABLE,WSS0050500,AVSS 0.5 Y,3000
CABLE,WSS0050540,AVSS 0.5 Y/G,3000
CABLE,WSS0050600,AVSS 0.5 BR,3000
CABLE,WSS0050610,AVSS 0.5 BR/B,3000
CABLE,WSS0050650,AVSS 0.5 Br/Y,3000
CABLE,WSS0050700,AVSS 0.5 L,3000
CABLE,WSS0050710,AVSS 0.5 L/B,3000
CABLE,WSS0050720,AVSS 0.5 L/W,3000
CABLE,WSS0050730,AVSS 0.5 L/R,1000
CABLE,WSS00507A0,AVSS 0.5 L/O,3000
CABLE,WSS0050800,AVSS 0.5 GR,3000
CABLE,WSS0050810,AVSS 0.5 GR/B,3000
CABLE,WSS00508A0,AVSS 0.5 GR/O,10000
CABLE,WSS0050900,AVSS 0.5 LG,3000
CABLE,WSS0050930,AVSS 0.5 Lg/R,3000
CABLE,WSS0050950,AVSS 0.5 Lg/Y,3000
CABLE,WSS0050A00,AVSS 0.5 O,3000
CABLE,WSS0050C00,AVSS 0.5 Pp,1000
CABLE,WSS0050F00,AVSS 0.5 P,3000
CABLE,WSS0050F10,AVSS 0.5 P/B,1800
CABLE,WSS0050F70,AVSS 0.5 P/L,3000
CABLE,WSS0050FA0,AVSS 0.5 P/O,1000
CABLE,WSS0085100,AVSS 0.85 B,2000
CABLE,WSS0085120,AVSS 0.85 B/W,943
CABLE,WSS0085200,AVSS 0.85 W,2000
CABLE,WSS0085300,AVSS 0.85 R,2000
CABLE,WSS0085400,AVSS 0.85 G,2000
CABLE,WSS0085410,AVSS 0.85 G/B,1000
CABLE,WSS0085420,AVSS 0.85 G/W,2000
CABLE,WSS0085450,AVSS 0.85 G/Y,832
CABLE,WSS0085500,AVSS 0.85 Y,2000
CABLE,WSS0085520,AVSS 0.85 Y/W,635
CABLE,WSS0085600,AVSS 0.85 BR,2000
CABLE,WSS0085640,AVSS 0.85 Br/G,2000
CABLE,WSS00856A0,AVSS 0.85 Br/O,1000
CABLE,WSS0085700,AVSS 0.85 L,2000
CABLE,WSS0085730,AVSS 0.85 L/R,2000
CABLE,WSS0085750,AVSS 0.85 L/Y,2000
CABLE,WSS00857A0,AVSS 0.85 L/O,1000
CABLE,WSS0085800,AVSS 0.85 GR,2000
CABLE,WSS0085810,AVSS 0.85 Gr/B,1000
CABLE,WSS00858A0,AVSS 0.85 GR/O,2000
CABLE,WSS0085900,AVSS 0.85 LG,1000
CABLE,WSS0085950,AVSS 0.85 LG/Y,2000
CABLE,WSS0085A00,AVSS 0.85 O,2000
CABLE,WSS0085D10,AVSS 0.85 S/B,2000
CABLE,WSS0085F00,AVSS 0.85 P,2000
CABLE,WSS0085F70,AVSS 0.85 P/L,2000
CABLE,WSS0125100,AVSS 1.25 B,1500
CABLE,WSS0125200,AVSS 1.25 W,1500
CABLE,WSS0125270,AVSS 1.25 W/L,1500
CABLE,WSS0125300,AVSS 1.25 R,1500
CABLE,WSS0125310,AVSS 1.25 R/B,1500
CABLE,WSS0125360,AVSS 1.25 R/Br,665
CABLE,WSS0125370,AVSS 1.25 R/L,1500
CABLE,WSS0125400,AVSS 1.25 G,1500
CABLE,WSS0125420,AVSS 1.25 G/W,686
CABLE,WSS0125470,AVSS 1.25 G/L,1500
CABLE,WSS01254A0,AVSS 1.25 G/O,1500
CABLE,WSS0125500,AVSS 1.25 Y,1500
CABLE,WSS0125510,AVSS 1.25 Y/B,1500
CABLE,WSS0125520,AVSS 1.25 Y/W,679
CABLE,WSS0125540,AVSS 1.25 Y/G,658
CABLE,WSS0125570,AVSS 1.25 Y/L,700
CABLE,WSS0125600,AVSS 1.25 BR,1500
CABLE,WSS0125610,AVSS 1.25 Br/B,1500
CABLE,WSS0125700,AVSS 1.25 L,1500
CABLE,WSS0125720,AVSS 1.25 L/W,1500
CABLE,WSS0125800,AVSS 1.25 GR,1500
CABLE,WSS0125A00,AVSS 1.25 O,1500
CABLE,WSS0125A10,AVSS 1.25 O/B,499
CABLE,WSS0125F00,AVSS 1.25 P,1500
CABLE,WSS0200100,AVSS 2.0 B,3000
CABLE,WSS0200200,AVSS 2.0 W,3000
CABLE,WSS0200300,AVSS 2.0 R,3000
CABLE,WSS0200400,AVSS 2.0 G,3000
CABLE,WSS0200500,AVSS 2.0 Y,3000
CABLE,WSS0200800,AVSS 2.0 Gr,3000
CABLE,WSS0200A00,AVSS 2.0 O,3000
CABLE,WSX0030100,AVSSXF 0.3 B,12000
CABLE,WSX00301A0,AVSSXF 0.3 B/O,12000
CABLE,WSX0030200,AVSSXF 0.3 W,12000
CABLE,WSX0030300,AVSSXF 0.3 R,12000
CABLE,WSX0030400,AVSSXF 0.3 G,12000
CABLE,WSX00304A0,AVSSXF 0.3 GO,12000
CABLE,WSX0030500,AVSSXF 0.3 Y,12000
CABLE,WSX00305A0,AVSSXF 0.30 Y/O,12000
CABLE,WSX0030600,AVSSXF 0.3 BR,12000
CABLE,WSX0030610,AVSSXF 0.3 BRB,12000
CABLE,WSX00306A0,AVSSXF 0.3 BRO,12000
CABLE,WSX0030700,AVSSXF 0.3 L,12000
CABLE,WSX0030710,AVSSXF 0.3 L/B,12000
CABLE,WSX00307A0,AVSSXF 0.3 L/O,12000
CABLE,WSX0030800,AVSSXF 0.3 GR,12000
CABLE,WSX0030810,AVSS-XF 0.3 Gr/B,12000
CABLE,WSX0030A00,AVSSXF 0.3 O,12000
CABLE,WSX0030A10,AVSSXF 0.3 O/B,12000
CABLE,WSX0030F00,AVSSXF 0.3 P,12000
CABLE,WSX0030F10,AVSSXF 0.3 PB,12000
CABLE,WSX0050100,AVSSXF 0.5 B,8000
CABLE,WSX0050130,AVSSXF 0.5 B/R,8000
CABLE,WSX0050150,AVSSXF 0.5 B/Y,8000
CABLE,WSX00501A0,AVSSXF 0.5 B/O,8000
CABLE,WSX0050200,AVSSXF 0.5 W,8000
CABLE,WSX0050270,AVSSXF 0.5 W/L,8000
CABLE,WSX00502A0,AVSSXF 0.5 W/O,8000
CABLE,WSX0050300,AVSSXF 0.5 R,8000
CABLE,WSX0050310,AVSSXF 0.5 R/B,8000
CABLE,WSX0050350,AVSSXF 0.5 R/Y,8000
CABLE,WSX00503A0,AVSSXF 0.5 R/O,8000
CABLE,WSX0050400,AVSSXF 0.5 G,8000
CABLE,WSX0050410,AVSSXF 0.5 G/B,8000
CABLE,WSX00504A0,AVSSXF 0.5 G/O,8000
CABLE,WSX0050500,AVSSXF 0.5 Y,8000
CABLE,WSX0050600,AVSSXF 0.5 BR,8000
CABLE,WSX0050700,AVSSXF 0.5 L,8000
CABLE,WSX0050710,AVSSXF 0.5 L/B,8000
CABLE,WSX0050740,AVSSXF 0.5 L/G,8000
CABLE,WSX0050750,AVSSXF 0.5 L/Y,8000
CABLE,WSX00507A0,AVSSXF 0.5 L/O,8000
CABLE,WSX0050800,AVSSXF 0.5 GR,8000
CABLE,WSX0050810,AVSSXF 0.5 GRB,8000
CABLE,WSX0050A00,AVSSXF 0.5 O,8000
CABLE,WSX0050A10,AVSSXF 0.5 O/B,8000
CABLE,WSX0050F00,AVSSXF 0.5 P,8000
CABLE,WSX0050F10,AVSSXF 0.5 P/B,8000
CABLE,WSX0050F20,AVSSXF 0.5 P/W,8000
CABLE,WSX0075200,AVSSXF 0.75 W,8000
CABLE,WSX0075300,AVSSXF 0.75 R,8000
CABLE,WSX0075400,AVSSXF 0.75 G,8000
CABLE,WSX0075700,AVSSXF 0.75 L,8000
CABLE,WSX0075800,AVSSXF 0.75 GR,8000
CABLE,WSX0085100,AVSSXF 0.85 B,8000
CABLE,WSX00851A0,AVSS-XF 0.85 B/O,8000
CABLE,WSX0085200,AVSSXF 0.85 W,8000
CABLE,WSX0085210,AVSSXF 0.85 W/B,1000
CABLE,WSX0085300,AVSSXF 0.85 R,8000
CABLE,WSX0085310,AVSSXF 0.85 R/B,8000
CABLE,WSX0085400,AVSSXF 0.85 G,8000
CABLE,WSX0085500,AVSSXF 0.85 Y,8000
CABLE,WSX0085700,AVSSXF 0.85 L,7500
CABLE,WSX0085800,AVSSXF 0.85 GR,8000
CABLE,WSX0085A00,AVSSXF 0.85 O,8000
CABLE,WSX0085F00,AVSSXF 0.85 P,8000
CABLE,WSX0125100,AVSSXF 1.25 B,5000
CABLE,WSX0125200,AVSSXF 1.25 W,5000
CABLE,WSX0125300,AVSSXF 1.25 R,5000
CABLE,WSX0125400,AVSSXF 1.25 G,5000
CABLE,WSX0125500,AVSSXF 1.25 Y,5000
CABLE,WSX01255A0,AVSSXF 1.25 Y/O,5000
CABLE,WSX0125600,AVSSXF 1.25 BR,5000
CABLE,WSX0125700,AVSSXF 1.25 L,5000
CABLE,WSX0125800,AVSSXF 1.25 GR,5000
CABLE,WSX0125A00,AVSSXF 1.25 O,5000
CABLE,WSX0125F00,AVSSXF 1.25 P,5000
CABLE,WSX0200100,AVSSXF 2.0 B,3000
CABLE,WSX0200200,AVSSXF 2.0 W,3000
CABLE,WSX0200300,AVSSXF 2.0 R,3000
CABLE,WSX0200400,AVSSXF 2.0 G,3000
CABLE,WSX0200600,AVSS-XF 2.0 Br,3000
CABLE,WSX0200800,AVSS-XF 2.0 GR,3000
CABLE,WSX0250100,AVSSXF 2.5 B,2500
CABLE,WSX0250300,AVSSXF 2.5 R,3000
CABLE,WTP0050100,TWP 0.5 B,1000
CABLE,WTP0050120,TWP 0.5 B/W,1000
CABLE,WTP0050150,TWP 0.5 B/Y,1000
CABLE,WTP0050170,TWP 0.5 B/L,1000
CABLE,WTP0050180,TWP 0.5 B/GR,1000
CABLE,WTP0050280,TWP 0.5 W/GR,1000
CABLE,WTP00502A0,TWP 0.5 W/O,1000
CABLE,WTP00502F0,TWP 0.5 W/P,1000
CABLE,WTP0050400,TWP 0.5 G,1000
CABLE,WTP0050800,TWP 0.5 GR,1000
CABLE,WUS0035600,TXL 125?? J1128 22AWG_Br,1000
CABLE,WUS0080300,TXL 125?? J1128 18AWG_R,1000
CABLE,WUT0035100,EXRAD 150UT J1128 TXL 600V 22AWG_B,15000
CABLE,WUT0035200,EXRAD 150UT J1128 TXL 600V 22AWG_W,15000
CABLE,WUT0035300,EXRAD 150UT J1128 TXL 600V 22AWG_R,15000
CABLE,WUT0035320,EXRAD 150UT J1128TXL600V22AWG_R/W,15000
CABLE,WUT0035400,EXRAD 150UT J1128 TXL 600V 22AWG_G,15000
CABLE,WUT0035420,EXRAD 150UT J1128TXL600V22AWG_G/W,15000
CABLE,WUT0035500,EXRAD 150UT J1128 TXL 600V 22AWG_Y,15000
CABLE,WUT0035600,EXRAD 150UT J1128 TXL 600V 22AWG_Br,15000
CABLE,WUT0035700,EXRAD 150UT J1128 TXL 600V 22AWG_L,15000
CABLE,WUT0035720,EXRAD 150UT J1128TXL600V22AWG_L/W,15000
CABLE,WUT0035800,EXRAD 150UT J1128 TXL 600V 22AWG_Gr,15000
CABLE,WUT0035A00,EXRAD 150UT J1128 TXL 600V 22AWG_O,15000
CABLE,WUT0035C00,EXRAD 150UT J1128 TXL 600V 22AWG_Pp,15000
CABLE,WUT0035C20,15-08349-015 (22/VTW),1
CABLE,WUT0035E00,EXRAD 150UT J1128 TXL 600V 22AWG_T,15000
CABLE,WUT0035F00,EXRAD 150UT J1128 TXL 600V 22AWG_P,15000
CABLE,WUT0035G00,EXRAD 150UT J1128 TXL 600V 22AWG_V,15000
CABLE,WUU0050100,150HVUT J-1128 TXL 600V 20AWG_B,12000
CABLE,WUU0050300,150HVUT J-1128 TXL 600V 20AWG_R,1500
CABLE,WUU0050400,150HVUT J-1128 TXL 600V 20AWG_G,12000
CABLE,WUU0050420,150HVUT J-1128 TXL 600V 20AWG_G/W,12000
CABLE,WUU0050500,150HVUT J-1128 TXL 600V 20AWG_Y,12000
CABLE,WUU0050600,150HVUT J-1128 TXL 600V 20AWG_Br,12000
CABLE,WUU0050700,150HVUT J-1128 TXL 600V 20AWG_L,12000
CABLE,WUU0050800,150HVUT J-1128 TXL 600V 20AWG_Gr,12000
CABLE,WUU0050E00,150HVUT J-1128 TXL 600V 20AWG_T,12000
CABLE,WUU0050F00,150HVUT J-1128 TXL 600V 20AWG_P,10000
CABLE,WUU0085100,150HVUT J-1128 TXL 600V 18AWG_B,10000
CABLE,WUU0085200,150HVUT J-1128 TXL 600V 18AWG_W,10000
CABLE,WUU0085300,150HVUT J-1128 TXL 600V 18AWG_R,10000
CABLE,WUU0085600,150HVUT J-1128 TXL 600V 18AWG_Br,10000
CABLE,WUU0085700,150HVUT J-1128 TXL 600V 18AWG_L,10000
CABLE,WUU0085720,150HVUT J-1128 TXL 600V 18AWG_L/W,10000
CABLE,WUU0085A00,150HVUT J-1128 TXL 600V 18AWG_O,10000
CABLE,WUU0085C00,150HVUT J-1128 TXL 600V 18AWG_Pp,10000
CABLE,WUU0085C20,150HVUT J-1128 TXL 600V 18AWG_PpW,10000
CABLE,WUU0125100,150HVUT J-1128 TXL 600V 16AWG_B,7620
CABLE,WUU0125200,150HVUT J-1128 TXL 600V 16AWG_W,7620
CABLE,WUU0125300,150HVUT J-1128 TXL 600V 16AWG_R,1500
CABLE,WUU0125700,150HVUT J-1128 TXL 600V 16AWG_L,7620
CABLE,WUV0400A00,EXRAD 150UT SAE1654 600V 4mm??_O,1500
CABLE,WUW0035100,TXL-HV 600V 22AWG B,1
CABLE,WUW0080100,TXL-HV 600V 18AWG B,1
CABLE,WUW0100100,TXL-HV 600V 16AWG B,1
CABLE,WVF0300100,AVXF 3.0 B,1800
CABLE,WVF0300200,AVXF 3.0 W,1800
CABLE,WVF0300300,AVXF 3.0 R,1800
CABLE,WVF0500100,AVXF 5.0 B,1000
CABLE,WVF0500200,AVXF 5.0 W,1000
CABLE,WVF0500300,AVXF 5.0 R,1000
CABLE,WVF0500700,AVXF 5.0 L,1000
CABLE,WZA0035100,FLRY-A 0.35 B,15000
CABLE,WZA0035170,FLRY-A 0.35 B/L,9
CABLE,WZA0035200,FLRY-A 0.35 W,15000
CABLE,WZA0035300,FLRY-A 0.35 R,10
CABLE,WZA0035400,FLRY-A 0.35 G,15000
CABLE,WZA0035420,FLRY-A 0.35 G/W,11
CABLE,WZA0035450,FLRY-A 0.35 G/Y,12
CABLE,WZA0035500,FLRY-A 0.35 Y,15000
CABLE,WZA00355G0,FLRY-A 0.35 Y/V,13
CABLE,WZA0035600,FLRY-A 0.35 Br,15000
CABLE,WZA0035640,FLRY-A 0.35 Br/G,1
CABLE,WZA0035700,FLRY-A 0.35 L,14
CABLE,WZA0035800,FLRY-A 0.35 Gr,15
CABLE,WZA0035900,FLRY-A 0.35 LG,16
CABLE,WZA0035A00,FLRY-A 0.35 O,17
CABLE,WZA0035A30,FLRY-A 0.35 OR,18
CABLE,WZA0035F00,FLRY-A 0.35 P,19
CABLE,WZA0035G00,FLRY-A 0.35 V,20
CABLE,WZA0035G80,FLRY-A 0.35 V/Gr,21
CABLE,WZA0035M00,FLRY-A 0.35 Sb,22
CABLE,WZA0050100,FLRY-A 0.5 B,23
CABLE,WZA0050160,FLRY-A 0.5 B/Br,24
CABLE,WZA0050200,FLRY-A 0.5 W,1
CABLE,WZA0050380,FLRY-A 0.5 R/Gr,25
CABLE,WZA00503G0,FLRY-A 0.5 R/V,26
CABLE,WZA0050700,FLRY-A 0.5 L,27
CABLE,WZA0050720,FLRY-A 0.5 L/W,28
CABLE,WZA0050740,FLRY-A 0.5 L/G,29
CABLE,WZA0050760,FLRY-A 0.5 L/Br,30
CABLE,WZA0050780,FLRY-A 0.5 L/Gr,31
CABLE,WZA0050G00,FLRY-A 0.5 V,32
COMPONENTES,ZBOND-002,PFH-31200015,500
COMPONENTES,ZBOND-003,PFH-3(12X8mm),1000
COMPONENTES,ZBOND-004,PFH-2(9X15MM),1000
COMPONENTES,ZGSKT-16910,D4Z24-16910,400
COMPONENTES,ZRUBR-SEAL1,D4Z24-16930,1000
COMPONENTES,ZRUBR-SEAL2,D4Z24-16920,1000
COMPONENTES,ZRUBR-SEAL4,GUC5D3-3,1000
COMPONENTES,ZRUBR-SEAL6,BD-2000,200
COMPONENTES,ZRUBR-SEAL7,MJ59K-GROMT,500
COMPONENTES,ZSNSR-00005,B58101A069A,1600
